{
    "App": {
        "FPS": 0
    },
    "Window": {
        "width": 1280,
        "height": 720,
        "brightness": 1,
        "fullscreen": false,
        "fullscreen desktop": false,
        "borderless": false,
        "resizable": false
    },
    "Camera3D": {
        "X.x": 0.74717605113983154,
        "X.y": 1.1920928955078125e-07,
        "X.z": 0.66462618112564087,
        "Y.x": -0.26577621698379517,
        "Y.y": 0.91656386852264404,
        "Y.z": 0.29878678917884827,
        "Z.x": -0.60917240381240845,
        "Z.y": -0.39988812804222107,
        "Z.z": 0.68483471870422363,
        "Reference.x": 0.057218313217163086,
        "Reference.y": 0.59517049789428711,
        "Reference.z": -0.71078324317932129,
        "Position.x": 6.1489419937133789,
        "Position.y": 4.5940518379211426,
        "Position.z": -7.5591306686401367
    },
    "Input": {},
    "Physics3D": {},
    "Renderer3D": {
        "vsync": false,
        "wireframe": false
    },
    "Editor": {},
    "ResourceManager": {},
    "scene": {}
}