{
    "App": {
        "FPS": 0
    },
    "Window": {
        "width": 1280,
        "height": 720,
        "brightness": 1,
        "fullscreen": false,
        "fullscreen desktop": false,
        "borderless": false,
        "resizable": false
    },
    "Camera3D": {
        "X.x": 0.45305776596069336,
        "X.y": 0,
        "X.z": -0.89148086309432983,
        "Y.x": -0.24341750144958496,
        "Y.y": 0.96200019121170044,
        "Y.z": -0.12370676547288895,
        "Z.x": 0.8576052188873291,
        "Z.y": 0.27304834127426147,
        "Z.z": 0.4358418881893158,
        "Reference.x": 0,
        "Reference.y": 0,
        "Reference.z": 0,
        "Position.x": 4.4552545547485352,
        "Position.y": 1.4184848070144653,
        "Position.z": 2.2641963958740234
    },
    "Input": {},
    "Physics3D": {},
    "Renderer3D": {
        "vsync": false,
        "wireframe": false
    },
    "Editor": {}
}