{
    "App": {
        "FPS": 0
    },
    "Window": {
        "width": 1280,
        "height": 720,
        "brightness": 1,
        "fullscreen": false,
        "fullscreen desktop": false,
        "borderless": false,
        "resizable": false
    },
    "Camera3D": {
        "X.x": -0.65024334192276001,
        "X.y": 0,
        "X.z": -0.75972604751586914,
        "Y.x": -0.40085771679878235,
        "Y.y": 0.84947115182876587,
        "Y.z": 0.34309098124504089,
        "Z.x": 0.64536547660827637,
        "Z.y": 0.52763479948043823,
        "Z.z": -0.55236327648162842,
        "Reference.x": 0,
        "Reference.y": 0,
        "Reference.z": 0,
        "Position.x": 3.3526632785797119,
        "Position.y": 2.7410542964935303,
        "Position.z": -2.8695182800292969
    },
    "Input": {},
    "Physics3D": {},
    "Renderer3D": {
        "vsync": false,
        "wireframe": false
    },
    "Editor": {}
}