{
    "App": {
        "FPS": 0
    },
    "Window": {
        "width": 1280,
        "height": 720,
        "brightness": 1,
        "fullscreen": false,
        "fullscreen desktop": false,
        "borderless": false,
        "resizable": false
    },
    "Camera3D": {
        "X.x": 0.78736627101898193,
        "X.y": 0,
        "X.z": -0.616485595703125,
        "Y.x": -0.219378262758255,
        "Y.y": 0.93454235792160034,
        "Y.z": -0.28018659353256226,
        "Z.x": 0.57613158226013184,
        "Z.y": 0.35585322976112366,
        "Z.z": 0.73582673072814941,
        "Reference.x": 0,
        "Reference.y": 0,
        "Reference.z": 0,
        "Position.x": 2.9929816722869873,
        "Position.y": 1.8486440181732178,
        "Position.z": 3.82259202003479
    },
    "Input": {},
    "Physics3D": {},
    "Renderer3D": {
        "vsync": false,
        "wireframe": false
    },
    "Editor": {}
}