{
    "App": {
        "FPS": 0
    },
    "Window": {
        "width": 1280,
        "height": 720,
        "brightness": 1,
        "fullscreen": false,
        "fullscreen desktop": false,
        "borderless": false,
        "resizable": false
    },
    "Camera3D": {
        "X.x": 0.69176381826400757,
        "X.y": 0,
        "X.z": 0.72212398052215576,
        "Y.x": -0.2223643958568573,
        "Y.y": 0.95140868425369263,
        "Y.z": 0.21301557123661041,
        "Z.x": -0.6870349645614624,
        "Z.y": -0.30793109536170959,
        "Z.z": 0.6581500768661499,
        "Reference.x": 0.67779421806335449,
        "Reference.y": 0.82175993919372559,
        "Reference.z": -1.0697257518768311,
        "Position.x": 10.687034606933594,
        "Position.y": 5.3079309463500977,
        "Position.z": -10.658149719238281
    },
    "Input": {},
    "Physics3D": {},
    "Renderer3D": {
        "vsync": false,
        "wireframe": false
    },
    "Editor": {},
    "ResourceManager": {},
    "scene": {}
}