{
    "App": {
        "FPS": 0
    },
    "Window": {
        "width": 1280,
        "height": 720,
        "brightness": 1,
        "fullscreen": false,
        "fullscreen desktop": false,
        "borderless": false,
        "resizable": false
    },
    "Camera3D": {
        "X.x": 0.69176375865936279,
        "X.y": -1.4901161193847656e-08,
        "X.z": 0.72212409973144531,
        "Y.x": -0.22236442565917969,
        "Y.y": 0.9514087438583374,
        "Y.z": 0.21301554143428802,
        "Z.x": -0.68703508377075195,
        "Z.y": -0.30793109536170959,
        "Z.z": 0.65814995765686035,
        "Reference.x": -0.0092412717640399933,
        "Reference.y": 0.51382905244827271,
        "Reference.z": -0.41157868504524231,
        "Position.x": 10,
        "Position.y": 5,
        "Position.z": -10
    },
    "Input": {},
    "Physics3D": {},
    "Renderer3D": {
        "vsync": false,
        "wireframe": false
    },
    "Editor": {},
    "ResourceManager": {},
    "scene": {}
}