{
    "App": {
        "FPS": 0
    },
    "Window": {
        "width": 1280,
        "height": 720,
        "brightness": 1,
        "style": 5,
        "fullscreen": false,
        "fullscreen desktop": false,
        "borderless": false,
        "resizable": true
    },
    "Camera3D": {
        "X.x": -0.86710792779922485,
        "X.y": -1.4901161193847656e-08,
        "X.z": -0.49812042713165283,
        "Y.x": 0.26428937911987305,
        "Y.y": 0.84763908386230469,
        "Y.z": -0.46006429195404053,
        "Z.x": 0.42222633957862854,
        "Z.y": -0.53057330846786499,
        "Z.z": -0.73499453067779541,
        "Reference.x": -38.398544311523438,
        "Reference.y": 37.535419464111328,
        "Reference.z": 76.935737609863281,
        "Position.x": -42.620807647705078,
        "Position.y": 42.841152191162109,
        "Position.z": 84.285682678222656
    },
    "Input": {},
    "Physics3D": {},
    "Renderer3D": {
        "vsync": false,
        "wireframe": false
    },
    "Editor": {},
    "ResourceManager": {},
    "scene": {}
}