{
    "App": {
        "FPS": 0
    },
    "Window": {
        "width": 1280,
        "height": 720,
        "brightness": 1,
        "fullscreen": false,
        "fullscreen desktop": false,
        "borderless": false,
        "resizable": false
    },
    "Camera3D": {
        "X.x": 0.74717617034912109,
        "X.y": -1.4901161193847656e-08,
        "X.z": 0.66462612152099609,
        "Y.x": -0.26577606797218323,
        "Y.y": 0.91656398773193359,
        "Y.z": 0.29878684878349304,
        "Z.x": -0.60917234420776367,
        "Z.y": -0.39988809823989868,
        "Z.z": 0.68483471870422363,
        "Reference.x": 0.026759684085845947,
        "Reference.y": 0.57517611980438232,
        "Reference.z": -0.67654144763946533,
        "Position.x": 6.1184835433959961,
        "Position.y": 4.5740575790405273,
        "Position.z": -7.5248889923095703
    },
    "Input": {},
    "Physics3D": {},
    "Renderer3D": {
        "vsync": false,
        "wireframe": false
    },
    "Editor": {},
    "ResourceManager": {},
    "scene": {}
}