{
    "App": {
        "FPS": 0
    },
    "Window": {
        "width": 1280,
        "height": 720,
        "brightness": 1,
        "fullscreen": false,
        "fullscreen desktop": false,
        "borderless": false,
        "resizable": false
    },
    "Camera3D": {
        "X.x": 0.5327293872833252,
        "X.y": 0,
        "X.z": -0.84628528356552124,
        "Y.x": -0.14107227325439453,
        "Y.y": 0.9860084056854248,
        "Y.z": -0.088803626596927643,
        "Z.x": 0.83444422483444214,
        "Z.y": 0.16669544577598572,
        "Z.z": 0.5252758264541626,
        "Reference.x": 0,
        "Reference.y": 0,
        "Reference.z": 0,
        "Position.x": 4.3349094390869141,
        "Position.y": 0.86597722768783569,
        "Position.z": 2.728790283203125
    },
    "Input": {},
    "Physics3D": {},
    "Renderer3D": {
        "vsync": false,
        "wireframe": false
    },
    "Editor": {}
}