{
    "App": {
        "FPS": 0
    },
    "Window": {
        "width": 1280,
        "height": 720,
        "brightness": 1,
        "fullscreen": false,
        "fullscreen desktop": false,
        "borderless": false,
        "resizable": false
    },
    "Camera3D": {
        "X.x": 0.99985814094543457,
        "X.y": 0,
        "X.z": 0.016407063230872154,
        "Y.x": 0.0070634521543979645,
        "Y.y": 0.90257692337036133,
        "Y.z": -0.43044760823249817,
        "Z.x": -0.014809655025601387,
        "Z.y": 0.43050858378410339,
        "Z.z": 0.9024617075920105,
        "Reference.x": -0.0092412717640399933,
        "Reference.y": -0.93217098712921143,
        "Reference.z": -0.41157868504524231,
        "Position.x": -0.14077581465244293,
        "Position.y": 2.8914661407470703,
        "Position.z": 7.603792667388916
    },
    "Input": {},
    "Physics3D": {},
    "Renderer3D": {
        "vsync": false,
        "wireframe": false
    },
    "Editor": {},
    "ResourceManager": {},
    "scene": {}
}