{
    "App": {
        "FPS": 0
    },
    "Window": {
        "width": 1280,
        "height": 720,
        "brightness": 1,
        "fullscreen": false,
        "fullscreen desktop": false,
        "borderless": false,
        "resizable": false
    },
    "Camera3D": {
        "X.x": -0.48190471529960632,
        "X.y": 0,
        "X.z": -0.87622362375259399,
        "Y.x": -0.34939220547676086,
        "Y.y": 0.9170607328414917,
        "Y.z": 0.19215841591358185,
        "Z.x": 0.80355030298233032,
        "Z.y": 0.39874774217605591,
        "Z.z": -0.44193589687347412,
        "Reference.x": -0.0092412717640399933,
        "Reference.y": 0.51382905244827271,
        "Reference.z": -0.41157868504524231,
        "Position.x": 7.1271376609802246,
        "Position.y": 4.0551319122314453,
        "Position.z": -4.3364381790161133
    },
    "Input": {},
    "Physics3D": {},
    "Renderer3D": {
        "vsync": false,
        "wireframe": false
    },
    "Editor": {},
    "ResourceManager": {},
    "scene": {}
}