{
    "App": {
        "FPS": 0
    },
    "Window": {
        "width": 1280,
        "height": 720,
        "brightness": 1,
        "fullscreen": false,
        "fullscreen desktop": false,
        "borderless": false,
        "resizable": false
    },
    "Camera3D": {
        "X.x": -0.48190438747406006,
        "X.y": 0,
        "X.z": -0.87622314691543579,
        "Y.x": -0.34939223527908325,
        "Y.y": 0.9170602560043335,
        "Y.z": 0.19215832650661469,
        "Z.x": 0.80354982614517212,
        "Z.y": 0.39874753355979919,
        "Z.z": -0.44193562865257263,
        "Reference.x": -0.0092412717640399933,
        "Reference.y": 0.51382905244827271,
        "Reference.z": -0.41157868504524231,
        "Position.x": 7.1271376609802246,
        "Position.y": 4.0551319122314453,
        "Position.z": -4.3364381790161133
    },
    "Input": {},
    "Physics3D": {},
    "Renderer3D": {
        "vsync": false,
        "wireframe": false
    },
    "Editor": {},
    "ResourceManager": {},
    "scene": {}
}