{
    "App": {
        "FPS": 0
    },
    "Window": {
        "width": 1280,
        "height": 720,
        "brightness": 1,
        "fullscreen": true,
        "fullscreen desktop": false,
        "borderless": false,
        "resizable": false
    },
    "Camera3D": {
        "X.x": -0.33890056610107422,
        "X.y": 0,
        "X.z": -0.94082123041152954,
        "Y.x": -0.3690553605556488,
        "Y.y": 0.91984891891479492,
        "Y.z": 0.13294015824794769,
        "Z.x": 0.86541467905044556,
        "Z.y": 0.39226898550987244,
        "Z.z": -0.31173831224441528,
        "Reference.x": 0,
        "Reference.y": 0,
        "Reference.z": 0,
        "Position.x": 4.4958138465881348,
        "Position.y": 2.0378303527832031,
        "Position.z": -1.6194748878479004
    },
    "Input": {},
    "Physics3D": {},
    "Renderer3D": {
        "vsync": false,
        "wireframe": false
    },
    "Editor": {}
}